,city,lat,lng,temp,humidity,wind,cloudiness,country,date
0,pa sang,18.5262,98.9394,80.01,94,4.61,40,TH,Sat May  1 09:30:41 2021
1,port alfred,-33.5906,26.891,62.17,65,2.77,0,ZA,Sat May  1 09:30:42 2021
2,batemans bay,-35.7167,150.1833,57.99,96,1.01,100,AU,Sat May  1 09:30:42 2021
3,butaritari,3.0707,172.7902,82.2,75,9.37,100,KI,Sat May  1 09:30:43 2021
4,victoria,22.2855,114.1577,80.01,80,6.53,80,HK,Sat May  1 09:29:26 2021
5,port elizabeth,-33.918,25.5701,59.0,82,8.05,0,ZA,Sat May  1 09:27:23 2021
6,kahului,20.8947,-156.47,71.01,83,3.44,20,US,Sat May  1 09:30:44 2021
7,jamestown,42.097,-79.2353,53.01,36,12.66,1,US,Sat May  1 09:26:49 2021
8,rikitea,-23.1203,-134.9692,76.41,81,9.37,86,PF,Sat May  1 09:30:46 2021
9,alta floresta,-9.8756,-56.0861,87.8,66,5.75,75,BR,Sat May  1 09:30:46 2021
10,lebork,54.5392,17.7501,48.0,53,9.22,0,PL,Sat May  1 09:30:47 2021
11,ushuaia,-54.8,-68.3,42.8,75,10.36,20,AR,Sat May  1 09:30:07 2021
12,ribeira grande,38.5167,-28.7,62.6,94,11.5,75,PT,Sat May  1 09:30:48 2021
13,khatanga,71.9667,102.5,16.27,93,3.31,80,RU,Sat May  1 09:29:14 2021
14,lasa,46.6166,10.7002,55.99,87,11.5,40,IT,Sat May  1 09:30:49 2021
15,mandalgovi,45.7625,106.2708,46.8,26,20.71,5,MN,Sat May  1 09:30:50 2021
16,najran,17.4924,44.1277,84.2,17,6.91,40,SA,Sat May  1 09:30:50 2021
17,hilo,19.7297,-155.09,71.6,68,9.22,40,US,Sat May  1 09:26:58 2021
18,broken hill,-31.95,141.4333,60.8,48,8.05,23,AU,Sat May  1 09:30:51 2021
19,mataura,-46.1927,168.8643,46.0,87,5.99,3,NZ,Sat May  1 09:27:23 2021
20,rawson,-43.3002,-65.1023,65.73,46,18.57,100,AR,Sat May  1 09:27:55 2021
21,meadow lake,34.8014,-106.5436,69.01,44,8.05,1,US,Sat May  1 09:25:54 2021
22,bluff,-46.6,168.3333,46.0,87,7.0,3,NZ,Sat May  1 09:30:53 2021
23,kostomuksha,64.571,30.5767,31.98,72,15.17,82,RU,Sat May  1 09:30:53 2021
24,bambous virieux,-20.3428,57.7575,75.99,88,3.44,40,MU,Sat May  1 09:30:54 2021
25,biu,10.6129,12.1946,95.18,20,3.67,99,NG,Sat May  1 09:29:45 2021
26,hamilton,39.1834,-84.5333,61.0,44,13.8,1,US,Sat May  1 09:30:01 2021
27,sitka,57.0531,-135.33,42.8,87,4.61,40,US,Sat May  1 09:28:11 2021
28,sao joao da barra,-21.6403,-41.0511,77.0,69,10.36,75,BR,Sat May  1 09:30:56 2021
29,arraial do cabo,-22.9661,-42.0278,71.6,83,4.61,75,BR,Sat May  1 09:30:56 2021
30,ulaangom,49.9811,92.0667,45.59,37,16.11,99,MN,Sat May  1 09:30:57 2021
31,elko,41.0002,-115.5012,71.01,15,13.0,100,US,Sat May  1 09:27:41 2021
32,tukrah,32.5341,20.5791,84.63,28,2.15,17,LY,Sat May  1 09:30:58 2021
33,qaanaaq,77.484,-69.3632,35.73,69,4.92,99,GL,Sat May  1 09:30:58 2021
34,vila velha,-20.3297,-40.2925,81.0,61,13.8,75,BR,Sat May  1 09:30:48 2021
35,talnakh,69.4865,88.3972,14.07,88,1.68,45,RU,Sat May  1 09:30:59 2021
36,sobreira,41.5237,-7.8023,57.99,55,4.0,98,PT,Sat May  1 09:31:00 2021
37,nyurba,63.2842,118.3319,33.85,99,3.85,100,RU,Sat May  1 09:31:00 2021
38,temple,31.0982,-97.3428,73.99,88,9.22,90,US,Sat May  1 09:29:01 2021
39,cape town,-33.9258,18.4232,62.01,72,11.5,0,ZA,Sat May  1 09:30:03 2021
40,zyryanka,65.75,150.85,23.52,97,1.12,81,RU,Sat May  1 09:31:02 2021
41,upernavik,72.7868,-56.1549,32.74,78,1.07,70,GL,Sat May  1 09:31:02 2021
42,port lincoln,-34.7333,135.8667,61.48,69,15.32,16,AU,Sat May  1 09:31:03 2021
43,atuona,-9.8,-139.0333,78.33,74,7.09,7,PF,Sat May  1 09:31:03 2021
44,port blair,11.6667,92.75,84.0,72,5.17,85,IN,Sat May  1 09:29:46 2021
45,castle douglas,54.9409,-3.9278,48.0,58,7.63,98,GB,Sat May  1 09:31:04 2021
46,farmington,36.7281,-108.2187,71.01,22,9.22,1,US,Sat May  1 09:27:17 2021
47,verkhnevilyuysk,63.4453,120.3167,33.75,99,4.68,100,RU,Sat May  1 09:31:05 2021
48,saskylakh,71.9167,114.0833,30.78,98,2.66,100,RU,Sat May  1 09:27:46 2021
49,lethem,3.3803,-59.7968,89.47,53,5.84,91,GY,Sat May  1 09:31:06 2021
50,albany,42.6001,-73.9662,48.99,61,4.0,17,US,Sat May  1 09:31:07 2021
51,kruisfontein,-34.0033,24.7314,59.0,72,1.99,0,ZA,Sat May  1 09:31:07 2021
52,hithadhoo,-0.6,73.0833,84.76,68,5.88,97,MV,Sat May  1 09:31:08 2021
53,eydhafushi,5.1033,73.0708,84.13,71,6.02,51,MV,Sat May  1 09:31:08 2021
54,kodinsk,58.6881,99.1844,29.35,96,2.51,14,RU,Sat May  1 09:31:09 2021
55,tuktoyaktuk,69.4541,-133.0374,12.2,85,9.22,40,CA,Sat May  1 09:28:45 2021
56,katsuura,35.1333,140.3,64.4,88,11.5,75,JP,Sat May  1 09:28:01 2021
57,udachnyy,66.4167,112.4,31.15,98,6.93,100,RU,Sat May  1 09:31:11 2021
58,punta arenas,-53.15,-70.9167,44.6,81,11.5,20,CL,Sat May  1 09:27:51 2021
59,guerrero negro,27.9769,-114.0611,69.62,59,7.58,7,MX,Sat May  1 09:29:40 2021
60,gombong,-7.6072,109.5142,57.0,100,2.17,95,ID,Sat May  1 09:31:12 2021
61,davila,18.4726,120.5763,80.6,83,4.61,20,PH,Sat May  1 09:31:13 2021
62,flinders,-34.5833,150.8552,64.99,88,1.01,69,AU,Sat May  1 09:31:13 2021
63,padalarang,-6.8378,107.4728,71.01,94,1.99,65,ID,Sat May  1 09:31:14 2021
64,bredasdorp,-34.5322,20.0403,59.0,72,5.75,0,ZA,Sat May  1 09:31:14 2021
65,tuatapere,-46.1333,167.6833,46.0,87,7.0,1,NZ,Sat May  1 09:31:15 2021
66,vaini,-21.2,-175.2,75.2,83,10.36,20,TO,Sat May  1 09:27:09 2021
67,salamiyah,35.0113,37.0532,74.8,35,10.74,28,SY,Sat May  1 09:31:16 2021
68,rio grande,-32.035,-52.0986,78.8,53,2.3,0,BR,Sat May  1 09:26:25 2021
69,pevek,69.7008,170.3133,5.36,96,7.11,100,RU,Sat May  1 09:27:48 2021
70,busselton,-33.65,115.3333,57.99,95,3.36,80,AU,Sat May  1 09:31:17 2021
71,tasiilaq,65.6145,-37.6368,28.4,93,6.91,20,GL,Sat May  1 09:31:18 2021
72,palora,-1.7,-77.9333,69.8,83,5.75,75,EC,Sat May  1 09:31:18 2021
73,puerto ayora,-0.7393,-90.3518,82.4,69,17.27,75,EC,Sat May  1 09:31:19 2021
74,hongjiang,27.11,109.9956,71.98,76,3.2,78,CN,Sat May  1 09:31:19 2021
75,lewistown,40.5992,-77.5714,57.2,26,11.5,1,US,Sat May  1 09:28:22 2021
76,bengkulu,-3.8004,102.2655,76.28,90,4.43,74,ID,Sat May  1 09:31:20 2021
77,beloha,-25.1667,45.05,73.0,69,9.71,99,MG,Sat May  1 09:29:35 2021
78,nikolskoye,59.7035,30.7861,44.6,57,11.18,20,RU,Sat May  1 09:29:09 2021
79,kodiak,57.79,-152.4072,35.6,87,4.61,40,US,Sat May  1 09:28:10 2021
80,abha,18.2164,42.5053,68.0,30,4.61,40,SA,Sat May  1 09:28:31 2021
81,narsaq,60.9167,-46.05,50.0,22,34.52,1,GL,Sat May  1 09:31:22 2021
82,forestville,38.8451,-76.875,64.0,20,11.5,1,US,Sat May  1 09:31:23 2021
83,new norfolk,-42.7826,147.0587,54.0,64,3.2,100,AU,Sat May  1 09:31:24 2021
84,batagay,67.6333,134.6333,29.19,83,2.77,100,RU,Sat May  1 09:31:24 2021
85,okhotsk,59.3833,143.3,31.26,88,0.49,100,RU,Sat May  1 09:31:25 2021
86,cabo san lucas,22.8909,-109.9124,79.0,73,8.05,1,MX,Sat May  1 09:28:28 2021
87,chuy,-33.6971,-53.4616,73.47,56,6.02,1,UY,Sat May  1 09:27:47 2021
88,turukhansk,65.8167,87.9833,33.82,92,7.94,100,RU,Sat May  1 09:31:26 2021
89,kaitangata,-46.2817,169.8464,48.0,73,4.0,1,NZ,Sat May  1 09:31:27 2021
90,thompson,55.7435,-97.8558,21.2,86,11.5,90,CA,Sat May  1 09:26:32 2021
91,hobart,-42.8794,147.3294,55.4,71,11.5,99,AU,Sat May  1 09:31:28 2021
92,sagua la grande,22.8067,-80.0756,89.6,40,3.44,20,CU,Sat May  1 09:31:28 2021
93,bethel,41.3712,-73.414,57.0,44,11.5,1,US,Sat May  1 09:27:56 2021
94,hermanus,-34.4187,19.2345,63.0,70,1.99,20,ZA,Sat May  1 09:31:29 2021
95,provideniya,64.3833,-173.3,21.34,69,5.84,81,RU,Sat May  1 09:31:30 2021
96,fukue,32.6881,128.8419,57.25,55,17.29,31,JP,Sat May  1 09:31:31 2021
97,smithers,54.7804,-127.1743,42.8,75,4.29,75,CA,Sat May  1 09:31:31 2021
98,natchez,31.5604,-91.4032,71.6,64,9.22,1,US,Sat May  1 09:31:32 2021
99,oster,50.9506,30.8823,69.8,32,2.24,100,UA,Sat May  1 09:31:32 2021
100,robertsport,6.7533,-11.3686,84.25,74,11.21,93,LR,Sat May  1 09:31:33 2021
101,portland,45.5234,-122.6762,55.0,66,13.8,40,US,Sat May  1 09:27:20 2021
102,venice,27.0998,-82.4543,82.99,74,9.22,1,US,Sat May  1 09:31:34 2021
103,saldanha,-33.0117,17.9442,69.8,40,6.91,2,ZA,Sat May  1 09:31:34 2021
104,cidreira,-30.1811,-50.2056,71.55,58,12.93,0,BR,Sat May  1 09:31:35 2021
105,feijo,-8.1642,-70.3536,89.65,45,2.51,11,BR,Sat May  1 09:31:36 2021
106,touros,-5.1989,-35.4608,87.8,55,14.97,40,BR,Sat May  1 09:31:36 2021
107,alugan,12.2188,125.4808,80.02,81,7.23,9,PH,Sat May  1 09:31:37 2021
108,jidong,45.2167,131.0833,43.39,61,2.91,47,CN,Sat May  1 09:31:37 2021
109,alofi,-19.0595,-169.9187,73.4,100,1.14,19,NU,Sat May  1 09:31:38 2021
110,buctzotz,21.2,-88.7833,95.45,30,8.93,57,MX,Sat May  1 09:31:39 2021
111,whitehorse,60.7161,-135.0538,39.99,65,2.3,75,CA,Sat May  1 09:30:07 2021
112,ginir,7.1333,40.7,59.45,92,3.06,93,ET,Sat May  1 09:31:40 2021
113,castro,-24.7911,-50.0119,72.01,54,4.09,50,BR,Sat May  1 09:27:25 2021
114,malindi,-3.2175,40.1191,80.6,94,11.5,40,KE,Sat May  1 09:27:26 2021
115,brae,60.3964,-1.353,42.8,70,3.44,90,GB,Sat May  1 09:31:41 2021
116,torbay,47.6666,-52.7314,59.0,63,31.07,75,CA,Sat May  1 09:31:42 2021
117,georgetown,5.4112,100.3354,82.4,88,8.05,40,MY,Sat May  1 09:27:33 2021
118,oskarshamn,57.2645,16.4484,45.0,87,1.01,76,SE,Sat May  1 09:31:43 2021
119,sawtell,-30.3833,153.1,60.8,94,3.44,91,AU,Sat May  1 09:31:43 2021
120,te anau,-45.4167,167.7167,39.09,87,1.25,14,NZ,Sat May  1 09:30:39 2021
121,pitimbu,-7.4706,-34.8086,87.8,58,16.11,40,BR,Sat May  1 09:31:44 2021
122,neiafu,-18.65,-173.9833,77.0,94,4.61,75,TO,Sat May  1 09:31:45 2021
123,san quintin,30.4833,-115.95,67.48,69,15.86,90,MX,Sat May  1 09:31:45 2021
124,lata,40.1629,-8.3327,61.0,47,14.97,40,PT,Sat May  1 09:31:46 2021
125,fuling,29.7022,107.3919,76.5,66,4.72,100,CN,Sat May  1 09:31:46 2021
126,kilcormac,53.1742,-7.7256,53.01,48,1.01,81,IE,Sat May  1 09:31:47 2021
127,dikson,73.5069,80.5464,25.75,85,5.01,97,RU,Sat May  1 09:31:47 2021
128,herat,34.5,62.0,71.6,56,3.44,75,AF,Sat May  1 09:30:27 2021
129,teya,60.3778,92.6267,35.01,91,9.22,97,RU,Sat May  1 09:31:34 2021
130,saint-philippe,-21.3585,55.7679,77.0,78,4.61,0,RE,Sat May  1 09:27:08 2021
131,mopipi,-21.1833,24.8833,73.69,24,9.84,35,BW,Sat May  1 09:31:49 2021
132,birao,10.2849,22.7882,92.68,24,7.58,81,CF,Sat May  1 09:31:50 2021
133,constitucion,-35.3333,-72.4167,54.9,96,7.96,100,CL,Sat May  1 09:31:51 2021
134,coyah,9.75,-13.4167,86.0,70,9.22,75,GN,Sat May  1 09:31:51 2021
135,tevaitoa,-16.7833,-151.5,80.37,72,5.55,100,PF,Sat May  1 09:31:52 2021
136,lamar,33.6668,-95.5836,70.0,72,8.05,1,US,Sat May  1 09:31:52 2021
137,lundazi,-12.2929,33.1782,67.78,74,7.47,36,ZM,Sat May  1 09:31:53 2021
138,mount pleasant,32.7941,-79.8626,73.99,40,9.22,1,US,Sat May  1 09:30:47 2021
139,kapaa,22.0752,-159.319,73.4,88,10.36,90,US,Sat May  1 09:31:54 2021
140,mount isa,-20.7333,139.5,66.2,48,4.61,0,AU,Sat May  1 09:31:55 2021
141,carnarvon,-24.8667,113.6333,68.0,73,11.5,100,AU,Sat May  1 09:27:36 2021
142,riyadh,24.6877,46.7219,93.2,12,12.66,0,SA,Sat May  1 09:27:24 2021
143,urengoy,65.9667,78.3667,30.2,91,6.96,100,RU,Sat May  1 09:31:56 2021
144,esperance,-33.8667,121.9,53.6,87,9.22,2,AU,Sat May  1 09:31:57 2021
145,tazmalt,36.3868,4.3989,68.02,50,7.14,38,DZ,Sat May  1 09:31:58 2021
146,mayor pablo lagerenza,-19.9309,-60.7718,92.64,27,11.32,4,PY,Sat May  1 09:31:58 2021
147,mayskiy,47.6931,40.1025,62.6,59,11.18,0,RU,Sat May  1 09:31:59 2021
148,inhambane,-23.865,35.3833,73.4,83,12.66,40,MZ,Sat May  1 09:31:59 2021
149,bose,45.4612,8.0137,55.0,96,3.67,100,IT,Sat May  1 09:32:00 2021
150,mankapur,27.0333,82.2333,87.69,31,6.93,51,IN,Sat May  1 09:32:00 2021
151,east london,-33.0153,27.9116,60.8,82,2.3,0,ZA,Sat May  1 09:32:01 2021
152,vuktyl,63.8567,57.3094,37.94,83,13.47,100,RU,Sat May  1 09:32:02 2021
153,netivot,31.4222,34.5886,78.01,42,6.08,57,IL,Sat May  1 09:32:02 2021
154,shelburne,44.0787,-80.2041,52.0,41,14.47,57,CA,Sat May  1 09:30:07 2021
155,santiago de cao,-7.9589,-79.2392,66.2,82,10.36,22,PE,Sat May  1 09:32:03 2021
156,maceio,-9.6658,-35.7353,82.4,83,9.22,75,BR,Sat May  1 09:29:29 2021
157,heidelberg,-26.5048,28.3592,55.0,50,7.0,82,ZA,Sat May  1 09:32:04 2021
158,ponta do sol,32.6667,-17.1,62.01,61,1.99,69,PT,Sat May  1 09:32:05 2021
159,rancho grande,-23.5057,-46.3585,75.0,56,6.91,0,BR,Sat May  1 09:32:05 2021
160,shimoda,34.6667,138.95,63.0,83,5.01,89,JP,Sat May  1 09:29:35 2021
161,kuching,1.55,110.3333,78.8,94,0.92,20,MY,Sat May  1 09:32:06 2021
162,along,28.1667,94.7667,68.74,82,2.77,63,IN,Sat May  1 09:32:07 2021
163,mar del plata,-38.0023,-57.5575,69.8,64,11.5,0,AR,Sat May  1 09:29:03 2021
164,mweka,-4.85,21.5667,70.14,97,2.19,94,CD,Sat May  1 09:30:17 2021
165,dolores,-36.3132,-57.6792,73.0,47,11.59,14,AR,Sat May  1 09:31:17 2021
166,saint george,37.1041,-113.5841,78.01,26,4.61,1,US,Sat May  1 09:27:43 2021
167,avarua,-21.2078,-159.775,77.0,78,5.75,75,CK,Sat May  1 09:32:09 2021
168,nanortalik,60.1432,-45.2371,40.86,55,11.14,21,GL,Sat May  1 09:32:10 2021
169,mahebourg,-20.4081,57.7,75.2,88,3.44,40,MU,Sat May  1 09:32:10 2021
170,cockburn town,21.4612,-71.1419,82.4,61,8.05,40,TC,Sat May  1 09:30:34 2021
171,linqiong,30.4159,103.4609,75.2,69,4.0,0,CN,Sat May  1 09:32:11 2021
172,los llanos de aridane,28.6585,-17.9182,71.6,60,12.66,40,ES,Sat May  1 09:29:51 2021
173,borogontsy,62.6683,131.1683,31.89,96,5.41,100,RU,Sat May  1 09:32:12 2021
174,sikasso,10.9167,-7.0,97.97,27,2.44,62,ML,Sat May  1 09:32:13 2021
175,half moon bay,37.4636,-122.4286,62.01,100,10.36,90,US,Sat May  1 09:32:13 2021
176,barrow,71.2906,-156.7887,21.2,86,8.05,90,US,Sat May  1 09:32:14 2021
177,carballo,43.213,-8.691,55.99,56,8.01,75,ES,Sat May  1 09:30:59 2021
178,cadillac,44.2519,-85.4012,55.4,33,16.11,40,US,Sat May  1 09:32:15 2021
179,cabedelo,-6.9811,-34.8339,87.8,58,16.11,40,BR,Sat May  1 09:32:15 2021
180,matay,28.419,30.7792,93.45,10,10.2,35,EG,Sat May  1 09:32:16 2021
181,svetlyy,54.675,20.1347,48.2,57,13.42,0,RU,Sat May  1 09:32:16 2021
182,vidim,56.4088,103.1106,30.16,96,1.95,100,RU,Sat May  1 09:32:17 2021
183,taoudenni,22.6783,-3.9836,99.52,17,3.22,5,ML,Sat May  1 09:32:18 2021
184,la macarena,2.1837,-73.7849,72.03,98,2.15,99,CO,Sat May  1 09:32:19 2021
185,hofn,64.2539,-15.2082,38.61,66,19.8,93,IS,Sat May  1 09:32:20 2021
186,mount gambier,-37.8333,140.7667,66.2,45,14.97,40,AU,Sat May  1 09:30:50 2021
187,sabang,5.8933,95.3214,84.87,72,14.5,96,ID,Sat May  1 09:32:21 2021
188,makakilo city,21.3469,-158.0858,75.2,94,15.61,75,US,Sat May  1 09:32:22 2021
189,xintai,35.9006,117.7519,51.39,34,3.58,84,CN,Sat May  1 09:32:22 2021
190,praia,14.9215,-23.5087,77.0,57,20.71,20,CV,Sat May  1 09:32:23 2021
191,port hardy,50.6996,-127.4199,48.2,76,6.91,75,CA,Sat May  1 09:32:23 2021
192,saint-pierre,-21.3393,55.4781,77.0,78,4.61,0,RE,Sat May  1 09:31:48 2021
193,wamba,8.9333,8.6,96.08,31,6.33,96,NG,Sat May  1 09:32:24 2021
194,porosozero,62.7191,32.727,33.98,33,10.27,52,RU,Sat May  1 09:32:25 2021
195,tarrega,41.647,1.1396,66.99,48,11.99,33,ES,Sat May  1 09:32:26 2021
196,buchanan,5.8808,-10.0467,87.8,70,9.22,40,LR,Sat May  1 09:32:26 2021
197,nong chik,6.8436,101.178,80.08,82,5.64,100,TH,Sat May  1 09:32:27 2021
198,rafaela,-31.2503,-61.4867,81.0,37,5.99,0,AR,Sat May  1 09:32:28 2021
199,sioux lookout,50.1001,-91.917,57.2,38,3.44,75,CA,Sat May  1 09:32:28 2021
200,salalah,17.0151,54.0924,86.0,74,8.05,75,OM,Sat May  1 09:28:16 2021
201,paducah,37.0834,-88.6001,72.0,40,10.36,1,US,Sat May  1 09:32:29 2021
202,valencia,39.3333,-0.8333,68.0,63,11.5,20,ES,Sat May  1 09:29:53 2021
203,kiunga,-6.1219,141.2906,72.52,99,1.52,100,PG,Sat May  1 09:32:30 2021
204,manta,-0.95,-80.7333,86.0,62,9.22,75,EC,Sat May  1 09:32:31 2021
205,kushima,31.4583,131.2333,53.01,71,11.01,0,JP,Sat May  1 09:32:32 2021
206,derzhavinsk,51.1,66.3167,54.86,39,8.32,25,KZ,Sat May  1 09:32:32 2021
207,norman wells,65.282,-126.8329,32.0,69,3.44,20,CA,Sat May  1 09:28:54 2021
208,araouane,18.9048,-3.5265,101.7,16,6.4,73,ML,Sat May  1 09:32:33 2021
209,pacific grove,36.6177,-121.9166,57.2,82,4.61,90,US,Sat May  1 09:32:34 2021
210,tamandare,-8.7597,-35.1047,83.17,66,11.16,100,BR,Sat May  1 09:32:34 2021
211,dingle,10.9995,122.6711,77.27,84,6.4,11,PH,Sat May  1 09:32:35 2021
212,aswan,24.0934,32.907,97.86,8,13.27,0,EG,Sat May  1 09:32:35 2021
213,lagunillas,10.1301,-71.2595,85.06,63,6.85,90,VE,Sat May  1 09:32:36 2021
214,clyde river,70.4692,-68.5914,17.6,100,2.33,75,CA,Sat May  1 09:32:36 2021
215,buta,2.7858,24.73,71.55,89,3.09,98,CD,Sat May  1 09:32:37 2021
216,sorland,67.667,12.6934,35.6,69,10.36,75,NO,Sat May  1 09:32:38 2021
217,puerto escondido,15.85,-97.0667,86.0,66,8.05,75,MX,Sat May  1 09:32:38 2021
218,barra patuca,15.8,-84.2833,86.11,57,11.61,12,HN,Sat May  1 09:32:39 2021
219,teapa,17.55,-92.95,86.0,70,4.61,90,MX,Sat May  1 09:32:39 2021
220,kemlya,54.6963,45.2424,47.64,87,6.71,88,RU,Sat May  1 09:32:40 2021
221,faanui,-16.4833,-151.75,80.62,69,5.53,88,PF,Sat May  1 09:32:40 2021
222,airai,-8.9266,125.4092,57.16,89,3.06,98,TL,Sat May  1 09:28:51 2021
223,hambantota,6.1241,81.1185,80.6,100,3.44,75,LK,Sat May  1 09:29:42 2021
224,severnyy,50.677,36.5532,64.4,36,4.47,0,RU,Sat May  1 09:32:42 2021
225,batie,9.8833,-2.9167,97.77,28,7.31,73,BF,Sat May  1 09:32:42 2021
226,pryazha,61.6926,33.6216,41.0,26,11.18,74,RU,Sat May  1 09:32:14 2021
227,diapaga,12.0708,1.7889,102.87,19,7.25,74,BF,Sat May  1 09:32:43 2021
228,virginia beach,36.8529,-75.978,63.0,29,18.41,20,US,Sat May  1 09:32:44 2021
229,pisco,-13.7,-76.2167,70.0,78,10.36,6,PE,Sat May  1 09:27:49 2021
230,souillac,-20.5167,57.5167,75.2,88,3.44,40,MU,Sat May  1 09:32:45 2021
231,kalyazin,57.2403,37.8433,42.3,68,4.32,76,RU,Sat May  1 09:32:45 2021
232,port keats,-14.25,129.55,75.16,54,5.5,0,AU,Sat May  1 09:32:46 2021
233,borskoye,53.0333,51.7167,57.87,50,14.92,100,RU,Sat May  1 09:32:46 2021
234,mairana,-18.1167,-63.9333,71.74,45,8.55,4,BO,Sat May  1 09:32:47 2021
235,tumbes,-3.5667,-80.4414,84.2,58,5.75,75,PE,Sat May  1 09:32:47 2021
236,nemuro,43.3236,145.575,38.03,85,4.45,42,JP,Sat May  1 09:28:44 2021
237,sivaki,52.6333,126.75,39.38,54,5.12,99,RU,Sat May  1 09:32:48 2021
238,campbell river,50.0163,-125.2446,53.01,71,11.5,40,CA,Sat May  1 09:30:14 2021
239,estelle,29.8458,-90.1067,80.01,57,13.8,75,US,Sat May  1 09:32:50 2021
240,omboue,-1.5746,9.2618,81.0,81,5.66,89,GA,Sat May  1 09:32:50 2021
241,lagoa,39.05,-27.9833,59.29,91,22.12,100,PT,Sat May  1 09:32:51 2021
242,pangnirtung,66.1451,-65.7125,42.8,61,14.97,75,CA,Sat May  1 09:32:51 2021
243,saint-georges,12.0564,-61.7485,84.2,70,20.71,40,GD,Sat May  1 09:32:52 2021
244,port moresby,-9.4431,147.1797,77.0,88,5.75,20,PG,Sat May  1 09:32:52 2021
245,itarema,-2.9248,-39.9167,82.44,75,5.61,99,BR,Sat May  1 09:32:53 2021
246,kawalu,-7.3817,108.2082,73.35,96,1.72,56,ID,Sat May  1 09:28:45 2021
247,urucui,-7.2294,-44.5561,90.01,41,9.57,49,BR,Sat May  1 09:28:57 2021
248,cassilandia,-19.1133,-51.7342,88.83,35,8.28,99,BR,Sat May  1 09:32:54 2021
249,labuan,5.2767,115.2417,78.8,94,6.38,20,MY,Sat May  1 09:32:55 2021
250,husavik,66.0449,-17.3389,37.4,70,9.22,75,IS,Sat May  1 09:32:56 2021
251,conceicao do araguaia,-8.2578,-49.2647,84.2,70,6.91,0,BR,Sat May  1 09:32:56 2021
252,maputo,-25.9653,32.5892,70.0,60,11.5,75,MZ,Sat May  1 09:32:57 2021
253,roma,43.2128,-75.4557,45.0,56,13.8,40,US,Sat May  1 09:32:57 2021
254,woodward,36.4337,-99.3904,75.0,46,17.27,1,US,Sat May  1 09:32:58 2021
255,soyaux,45.65,0.2,55.4,54,16.11,0,FR,Sat May  1 09:32:58 2021
256,naze,28.3667,129.4833,62.22,64,11.7,95,JP,Sat May  1 09:32:59 2021
257,nuuk,64.1835,-51.7216,41.0,70,2.3,20,GL,Sat May  1 09:30:08 2021
258,merauke,-8.4667,140.3333,76.57,90,10.2,42,ID,Sat May  1 09:30:50 2021
259,sakakah,29.9697,40.2064,87.8,7,17.27,0,SA,Sat May  1 09:33:00 2021
260,lebu,-37.6167,-73.65,55.74,91,14.52,100,CL,Sat May  1 09:28:39 2021
261,dharchula,29.85,80.5333,64.6,67,7.38,95,IN,Sat May  1 09:33:02 2021
262,kungurtug,50.5994,97.5228,34.95,96,4.99,100,RU,Sat May  1 09:31:29 2021
263,ogulin,45.2661,15.2286,66.0,82,2.3,75,HR,Sat May  1 09:33:03 2021
264,tessalit,20.1986,1.0114,99.93,14,13.31,10,ML,Sat May  1 09:33:04 2021
265,fort nelson,58.8053,-122.7002,44.6,57,3.44,75,CA,Sat May  1 09:30:08 2021
266,alice springs,-23.7,133.8833,57.2,47,4.61,34,AU,Sat May  1 09:29:04 2021
267,yellowknife,62.456,-114.3525,24.01,68,9.22,75,CA,Sat May  1 09:33:05 2021
268,madona,56.8533,26.217,43.47,56,4.43,79,LV,Sat May  1 09:33:06 2021
269,wagar,16.1525,36.2032,93.4,23,11.39,97,SD,Sat May  1 09:33:07 2021
270,shebunino,46.4339,141.8603,35.71,91,12.41,94,RU,Sat May  1 09:33:08 2021
271,aklavik,68.2191,-135.0107,23.0,86,9.22,90,CA,Sat May  1 09:33:09 2021
272,yokadouma,3.5167,15.05,79.95,62,2.15,95,CM,Sat May  1 09:33:09 2021
273,chokurdakh,70.6333,147.9167,-0.81,100,3.33,44,RU,Sat May  1 09:29:54 2021
274,biak,-0.9131,122.8766,76.62,86,3.71,91,ID,Sat May  1 09:33:10 2021
275,lusambo,-4.9667,23.45,73.04,93,1.97,100,CD,Sat May  1 09:33:11 2021
276,sept-iles,50.2001,-66.3821,55.4,47,2.3,93,CA,Sat May  1 09:33:11 2021
277,tairua,-37.0167,175.85,48.0,87,1.5,0,NZ,Sat May  1 09:33:12 2021
278,elat,29.5581,34.9482,98.6,16,8.05,0,IL,Sat May  1 09:33:13 2021
279,pochutla,15.7432,-96.4661,91.99,55,8.32,75,MX,Sat May  1 09:33:13 2021
280,zhuanghe,39.7008,122.9911,52.07,45,12.12,100,CN,Sat May  1 09:33:14 2021
281,porto novo,6.4965,2.6036,89.6,70,16.11,40,BJ,Sat May  1 09:28:49 2021
282,ketchikan,55.3422,-131.6461,46.4,93,6.91,90,US,Sat May  1 09:33:15 2021
283,kavaratti,10.5669,72.642,85.6,71,6.89,9,IN,Sat May  1 09:33:16 2021
284,fortuna,40.5982,-124.1573,55.0,100,10.36,90,US,Sat May  1 09:33:17 2021
285,severo-kurilsk,50.6789,156.125,35.74,97,22.66,100,RU,Sat May  1 09:33:17 2021
286,brokopondo,4.75,-55.1667,84.0,64,2.86,66,SR,Sat May  1 09:33:18 2021
287,bom jesus,-9.0744,-44.3586,91.44,38,9.71,91,BR,Sat May  1 09:33:18 2021
288,port-gentil,-0.7193,8.7815,86.0,74,11.5,40,GA,Sat May  1 09:32:29 2021
289,san ramon,37.7799,-121.978,66.99,72,6.91,20,US,Sat May  1 09:33:19 2021
290,kavieng,-2.5744,150.7967,81.57,76,4.36,86,PG,Sat May  1 09:33:20 2021
291,morondava,-20.2833,44.2833,80.19,75,13.38,88,MG,Sat May  1 09:33:20 2021
292,padang,-0.9492,100.3543,77.0,94,3.44,40,ID,Sat May  1 09:29:14 2021
293,hovd,48.0056,91.6419,47.19,22,14.16,0,MN,Sat May  1 09:33:21 2021
294,xuddur,4.1213,43.8894,82.26,62,3.09,100,SO,Sat May  1 09:33:22 2021
295,marzuq,14.4,46.4667,72.03,72,9.4,100,YE,Sat May  1 09:33:22 2021
296,arvika,59.6553,12.5852,50.0,37,10.36,20,SE,Sat May  1 09:33:23 2021
297,kenai,60.5544,-151.2583,33.01,86,5.7,1,US,Sat May  1 09:29:28 2021
298,suoyarvi,62.0833,32.35,34.29,38,5.68,60,RU,Sat May  1 09:33:11 2021
299,newcastle,-32.9272,151.7765,61.0,100,7.49,47,AU,Sat May  1 09:33:24 2021
300,sibu,2.3,111.8167,77.0,94,2.3,40,MY,Sat May  1 09:33:25 2021
301,tazovskiy,67.4667,78.7,30.51,86,5.17,100,RU,Sat May  1 09:33:26 2021
302,upata,8.0086,-62.3989,89.2,42,4.41,51,VE,Sat May  1 09:33:26 2021
303,yorkton,51.2167,-102.4677,64.4,36,6.91,20,CA,Sat May  1 09:32:16 2021
304,luwuk,-0.9516,122.7875,77.67,89,3.06,89,ID,Sat May  1 09:33:27 2021
305,deputatskiy,69.3,139.9,19.92,98,2.48,100,RU,Sat May  1 09:29:12 2021
306,beringovskiy,63.05,179.3167,19.58,82,11.05,100,RU,Sat May  1 09:29:06 2021
307,palatka,29.6486,-81.6376,80.01,52,5.3,87,US,Sat May  1 09:29:52 2021
308,hervey bay,-25.2986,152.8535,69.01,94,8.05,75,AU,Sat May  1 09:33:29 2021
309,longyearbyen,78.2186,15.6401,21.2,63,9.22,20,SJ,Sat May  1 09:33:29 2021
310,cedar city,37.6775,-113.0619,71.6,17,17.27,1,US,Sat May  1 09:29:01 2021
311,boa vista,2.8197,-60.6733,87.8,55,10.36,75,BR,Sat May  1 09:33:30 2021
312,san rafael del sur,11.8485,-86.4384,87.8,45,13.8,75,NI,Sat May  1 09:33:31 2021
313,maniitsoq,65.4167,-52.9,35.42,77,2.73,7,GL,Sat May  1 09:33:32 2021
314,puerto baquerizo moreno,-0.9,-89.6,82.4,69,13.8,40,EC,Sat May  1 09:33:32 2021
315,tonekabon,36.8163,50.8738,62.6,94,4.61,90,IR,Sat May  1 09:33:33 2021
316,lastoursville,-0.8143,12.7287,77.18,88,2.44,99,GA,Sat May  1 09:33:33 2021
317,jinchang,38.4953,102.1739,67.57,15,4.63,93,CN,Sat May  1 09:33:34 2021
318,seoul,37.5683,126.9778,46.4,93,5.75,90,KR,Sat May  1 09:28:40 2021
319,puri,19.8,85.85,82.4,83,6.91,20,IN,Sat May  1 09:33:35 2021
320,ormara,25.2088,64.6357,83.23,75,17.27,53,PK,Sat May  1 09:33:35 2021
321,gunjur,13.2019,-16.7339,87.8,45,10.36,0,GM,Sat May  1 09:33:36 2021
322,murgab,37.4966,61.9714,77.0,38,4.61,75,TM,Sat May  1 09:33:36 2021
323,adrar,20.5022,-10.0711,97.97,17,15.97,12,MR,Sat May  1 09:33:37 2021
324,ferrol,43.4832,-8.2369,55.99,10,18.99,13,ES,Sat May  1 09:33:38 2021
325,lashio,22.9333,97.75,70.81,72,1.61,52,MM,Sat May  1 09:33:38 2021
326,bairiki,1.3292,172.9752,80.6,89,5.75,20,KI,Sat May  1 09:33:39 2021
327,warrington,53.3925,-2.5802,57.2,51,17.27,75,GB,Sat May  1 09:30:04 2021
328,laela,-8.5667,32.05,61.84,94,1.3,94,TZ,Sat May  1 09:33:40 2021
329,sorong,-0.8833,131.25,79.66,82,5.46,81,ID,Sat May  1 09:33:40 2021
330,san patricio,28.017,-97.5169,72.0,100,14.97,75,US,Sat May  1 09:33:41 2021
331,omaruru,-21.4333,15.9333,75.45,37,5.84,84,NA,Sat May  1 09:33:42 2021
332,teahupoo,-17.8333,-149.2667,77.0,83,5.75,40,PF,Sat May  1 09:29:51 2021
333,nome,64.5011,-165.4064,21.2,79,5.75,90,US,Sat May  1 09:33:42 2021
334,nicoya,10.1483,-85.452,82.4,65,4.61,0,CR,Sat May  1 09:33:43 2021
335,ersekvadkert,47.9962,19.2023,75.99,43,3.44,0,HU,Sat May  1 09:33:44 2021
336,debre tabor,11.85,38.0167,57.6,72,2.86,99,ET,Sat May  1 09:33:44 2021
337,ahipara,-35.1667,173.1667,55.98,75,6.85,19,NZ,Sat May  1 09:29:19 2021
338,quirinopolis,-18.4483,-50.4517,83.46,42,9.78,100,BR,Sat May  1 09:33:45 2021
339,san jose de tarros,15.3,-88.7,87.8,70,4.61,40,HN,Sat May  1 09:33:46 2021
340,jiblah,13.9216,44.1467,60.51,79,6.33,100,YE,Sat May  1 09:33:47 2021
341,grottammare,42.9888,13.8649,64.99,78,3.0,100,IT,Sat May  1 09:33:47 2021
342,linhai,28.85,121.1167,63.0,84,5.99,12,CN,Sat May  1 09:33:48 2021
343,mehamn,71.0357,27.8492,35.6,75,10.36,75,NO,Sat May  1 09:33:48 2021
344,luderitz,-26.6481,15.1594,67.26,49,8.23,0,NA,Sat May  1 09:33:49 2021
345,andilamena,-17.0167,48.5833,65.25,98,4.14,52,MG,Sat May  1 09:33:49 2021
346,port hedland,-20.3167,118.5667,71.6,94,2.3,1,AU,Sat May  1 09:33:50 2021
347,kasongo-lunda,-6.4667,16.8167,70.0,99,2.24,100,CD,Sat May  1 09:33:50 2021
348,mbandaka,0.0487,18.2603,75.15,89,3.74,100,CD,Sat May  1 09:33:51 2021
349,acarau,-2.8856,-40.12,81.88,75,6.31,99,BR,Sat May  1 09:29:41 2021
350,senador jose porfirio,-2.5908,-51.9542,78.1,82,1.72,100,BR,Sat May  1 09:33:52 2021
351,belaya gora,68.5333,146.4167,5.47,99,4.25,72,RU,Sat May  1 09:33:53 2021
352,aparecida do taboado,-20.0867,-51.0936,89.85,34,8.05,99,BR,Sat May  1 09:33:53 2021
353,emba,48.8264,58.1442,57.67,33,10.04,48,KZ,Sat May  1 09:33:54 2021
354,richards bay,-28.783,32.0377,63.63,86,6.08,30,ZA,Sat May  1 09:33:54 2021
355,buala,-8.145,159.5921,78.85,80,0.54,81,SB,Sat May  1 09:33:55 2021
356,acapulco,16.8634,-99.8901,82.4,69,6.91,90,MX,Sat May  1 09:31:31 2021
357,anloga,5.7947,0.8973,87.8,74,14.97,20,GH,Sat May  1 09:33:56 2021
358,quatre cocos,-20.2078,57.7625,75.99,88,3.44,40,MU,Sat May  1 09:33:56 2021
359,bowen,-20.0167,148.2333,68.0,88,9.22,4,AU,Sat May  1 09:33:57 2021
360,homer,59.6425,-151.5483,37.0,80,1.92,1,US,Sat May  1 09:30:37 2021
361,geraldton,-28.7667,114.6,59.0,58,10.36,99,AU,Sat May  1 09:33:58 2021
362,mayumba,-3.432,10.6554,79.61,88,7.14,100,GA,Sat May  1 09:33:58 2021
363,urusha,54.05,122.9,35.55,84,3.74,45,RU,Sat May  1 09:33:59 2021
364,vestmanna,62.1564,-7.1664,35.6,93,3.44,75,FO,Sat May  1 09:33:59 2021
365,dafeng,23.4517,108.5881,75.88,83,3.29,99,CN,Sat May  1 09:34:00 2021
366,cayenne,4.9333,-52.3333,87.8,62,6.91,0,GF,Sat May  1 09:34:01 2021
367,sebastian,35.1668,-94.2669,71.01,64,5.75,1,US,Sat May  1 09:33:46 2021
368,ossora,59.2353,163.0719,15.58,85,5.46,19,RU,Sat May  1 09:34:01 2021
369,kourou,5.1552,-52.6478,87.8,62,6.91,0,GF,Sat May  1 09:34:02 2021
370,mangrol,21.1167,70.1167,82.72,79,8.66,47,IN,Sat May  1 09:34:03 2021
371,harper,4.375,-7.7169,84.02,73,11.5,94,LR,Sat May  1 09:34:03 2021
372,bereda,43.2686,-7.5406,55.99,58,10.0,96,ES,Sat May  1 09:34:04 2021
373,general pico,-35.6566,-63.7568,71.02,38,9.89,43,AR,Sat May  1 09:34:04 2021
374,karakol,42.4907,78.3936,48.0,74,4.83,100,KG,Sat May  1 09:34:05 2021
375,baghmara,23.795,86.2085,85.68,35,8.21,10,IN,Sat May  1 09:34:05 2021
376,oistins,13.0667,-59.5333,86.0,51,20.71,20,BB,Sat May  1 09:34:06 2021
377,ecija,37.5422,-5.0826,68.0,34,9.22,0,ES,Sat May  1 09:34:06 2021
378,miyang,24.4042,103.4428,61.93,92,2.13,70,CN,Sat May  1 09:34:07 2021
379,green river,41.5286,-109.4662,63.0,29,4.61,1,US,Sat May  1 09:34:08 2021
380,rio gallegos,-51.6226,-69.2181,41.0,81,4.61,0,AR,Sat May  1 09:34:09 2021
381,rebrikha,53.0733,82.3408,39.15,62,11.52,70,RU,Sat May  1 09:34:09 2021
382,san juan del sur,11.2529,-85.8705,82.4,69,4.61,75,NI,Sat May  1 09:34:10 2021
383,tiassale,5.8983,-4.8283,91.58,52,9.42,68,CI,Sat May  1 09:34:10 2021
384,moerai,-22.4333,-151.3333,74.97,62,13.4,80,PF,Sat May  1 09:34:11 2021
385,hinesburg,44.3292,-73.1107,45.0,45,10.36,75,US,Sat May  1 09:30:05 2021
386,ganzhou,28.8184,115.4327,72.61,80,1.41,0,CN,Sat May  1 09:34:12 2021
387,worthington,40.0931,-83.018,59.0,41,11.5,1,US,Sat May  1 09:34:13 2021
388,namibe,-15.1961,12.1522,77.0,73,25.32,20,AO,Sat May  1 09:29:47 2021
389,morro bay,35.3658,-120.8499,57.99,76,4.61,75,US,Sat May  1 09:34:14 2021
390,camacha,33.0833,-16.3333,66.2,55,11.5,40,PT,Sat May  1 09:34:15 2021
391,freiburg,46.8024,7.1513,48.2,87,8.05,90,CH,Sat May  1 09:30:07 2021
392,calbuco,-41.768,-73.1273,59.0,82,14.97,90,CL,Sat May  1 09:34:15 2021
393,gazanjyk,39.2446,55.5154,77.61,33,16.8,32,TM,Sat May  1 09:34:16 2021
394,freetown,8.484,-13.2299,83.32,67,10.76,32,SL,Sat May  1 09:34:17 2021
395,ocampo,21.65,-101.5,72.14,27,18.5,60,MX,Sat May  1 09:34:17 2021
396,lerwick,60.1545,-1.1494,42.8,70,3.44,90,GB,Sat May  1 09:30:32 2021
397,hualmay,-11.0964,-77.6139,72.21,73,10.38,87,PE,Sat May  1 09:34:18 2021
398,karratha,-20.7377,116.8463,80.29,59,6.06,43,AU,Sat May  1 09:34:19 2021
399,mitsamiouli,-11.3847,43.2844,86.0,74,8.05,20,KM,Sat May  1 09:34:20 2021
400,shelomi,33.0747,35.1461,71.6,78,5.75,0,IL,Sat May  1 09:34:20 2021
401,tyup,42.7276,78.3648,47.16,77,6.73,100,KG,Sat May  1 09:34:21 2021
402,tiksi,71.6872,128.8694,19.51,100,2.95,95,RU,Sat May  1 09:34:21 2021
403,nurmijarvi,60.4641,24.8073,46.0,39,5.75,0,FI,Sat May  1 09:32:24 2021
404,iranshahr,27.2025,60.6848,66.2,88,4.61,90,IR,Sat May  1 09:34:23 2021
405,egvekinot,66.3167,-179.1667,11.97,86,5.12,100,RU,Sat May  1 09:34:23 2021
406,tulu bolo,8.6667,38.2167,59.34,91,6.6,99,ET,Sat May  1 09:34:24 2021
407,sinnamary,5.3833,-52.95,81.32,79,9.93,95,GF,Sat May  1 09:34:24 2021
408,leningradskiy,69.3833,178.4167,14.63,89,20.98,100,RU,Sat May  1 09:34:25 2021
409,kovdor,67.5662,30.4758,29.52,71,3.65,81,RU,Sat May  1 09:34:25 2021
410,hermanuv mestec,49.9471,15.6649,60.8,51,4.61,75,CZ,Sat May  1 09:34:26 2021
411,hazorasp,41.3194,61.0742,66.2,32,11.5,0,UZ,Sat May  1 09:34:27 2021
412,briancon,44.9,6.65,54.0,90,3.56,100,FR,Sat May  1 09:34:27 2021
413,atar,20.5169,-13.0499,96.8,19,16.11,0,MR,Sat May  1 09:34:28 2021
414,porto walter,-8.2686,-72.7439,91.09,43,1.48,9,BR,Sat May  1 09:34:29 2021
415,malakal,9.5334,31.6605,86.88,40,2.68,92,SS,Sat May  1 09:34:29 2021
416,abu dhabi,24.4667,54.3667,84.2,65,6.91,0,AE,Sat May  1 09:31:20 2021
417,akyab,20.15,92.9,82.54,73,5.57,2,MM,Sat May  1 09:34:30 2021
418,krasnovishersk,60.4078,57.082,46.56,92,9.22,100,RU,Sat May  1 09:34:31 2021
419,caldas novas,-17.7417,-48.625,80.35,44,8.84,100,BR,Sat May  1 09:34:31 2021
420,barcelos,41.5388,-8.6151,57.99,54,14.97,20,PT,Sat May  1 09:33:44 2021
421,noyakert,39.8312,44.669,59.0,63,14.97,40,AM,Sat May  1 09:34:32 2021
422,mouila,-1.8685,11.0559,79.57,89,2.89,98,GA,Sat May  1 09:34:33 2021
423,aasiaat,68.7098,-52.8699,34.14,73,11.25,32,GL,Sat May  1 09:34:34 2021
424,port macquarie,-31.4333,152.9167,57.99,100,1.14,75,AU,Sat May  1 09:34:35 2021
425,ballina,-28.8667,153.5667,69.8,73,10.36,75,AU,Sat May  1 09:34:35 2021
426,tambopata,-12.7333,-69.1833,84.2,54,4.61,0,PE,Sat May  1 09:30:13 2021
427,oranjemund,-28.55,16.4333,68.72,43,9.42,0,NA,Sat May  1 09:34:36 2021
428,kankan,10.3854,-9.3057,97.99,26,5.48,74,GN,Sat May  1 09:34:37 2021
429,bubaque,11.2833,-15.8333,79.63,69,17.47,27,GW,Sat May  1 09:31:22 2021
430,trinidad,-14.8333,-64.9,84.2,54,2.3,23,BO,Sat May  1 09:33:24 2021
431,atasu,48.6814,71.6433,47.03,31,11.83,8,KZ,Sat May  1 09:34:38 2021
432,quechultenango,17.4167,-99.2167,87.21,30,6.24,63,MX,Sat May  1 09:34:39 2021
433,beipiao,41.7919,120.7792,45.95,34,6.89,2,CN,Sat May  1 09:34:39 2021
434,kropotkin,45.4375,40.5756,64.0,66,0.81,12,RU,Sat May  1 09:34:40 2021
435,bandundu,-3.3167,17.3667,72.0,96,3.87,100,CD,Sat May  1 09:34:41 2021
436,bonfim,3.0833,-59.95,89.78,50,3.44,100,BR,Sat May  1 09:34:41 2021
437,vilcun,-38.65,-72.2333,57.2,94,19.57,90,CL,Sat May  1 09:34:42 2021
438,tezu,27.9167,96.1667,70.34,84,5.23,64,IN,Sat May  1 09:34:42 2021
439,barranca,-10.75,-77.7667,71.42,72,10.25,64,PE,Sat May  1 09:31:01 2021
440,pisz,53.6274,21.8125,51.8,58,3.44,0,PL,Sat May  1 09:34:43 2021
441,havre-saint-pierre,50.2334,-63.5986,50.0,53,16.11,90,CA,Sat May  1 09:34:44 2021
442,lompoc,34.6391,-120.4579,53.6,100,9.22,90,US,Sat May  1 09:30:20 2021
443,aksay,47.26,39.87,64.0,59,11.18,0,RU,Sat May  1 09:34:45 2021
444,yar-sale,66.8333,70.8333,17.11,91,9.4,56,RU,Sat May  1 09:34:45 2021
445,veraval,20.9,70.3667,82.51,79,8.77,57,IN,Sat May  1 09:34:46 2021
446,port augusta,-32.5,137.7667,55.4,76,5.75,0,AU,Sat May  1 09:34:47 2021
447,kedrovyy,56.1667,91.8167,39.2,60,2.24,0,RU,Sat May  1 09:34:47 2021
448,okakarara,-20.5833,17.4333,71.6,41,4.97,38,NA,Sat May  1 09:34:48 2021
449,kamaishi,39.2667,141.8833,49.42,95,8.93,100,JP,Sat May  1 09:34:48 2021
450,asosa,10.0667,34.5333,69.53,64,3.29,100,ET,Sat May  1 09:34:49 2021
451,nikolayevka,53.1257,47.2041,54.03,93,8.99,100,RU,Sat May  1 09:34:49 2021
452,fiditi,7.7136,3.9172,93.2,52,11.5,40,NG,Sat May  1 09:34:50 2021
453,brindisi,40.5833,17.6667,73.4,56,2.3,100,IT,Sat May  1 09:34:51 2021
454,haines junction,60.7522,-137.5108,35.6,69,3.44,100,CA,Sat May  1 09:34:51 2021
455,limulunga,-15.0969,23.1376,70.99,72,4.72,89,ZM,Sat May  1 09:34:52 2021
456,robat karim,35.4846,51.0829,69.8,52,20.71,75,IR,Sat May  1 09:34:52 2021
457,verkhnyaya inta,65.9811,60.3094,36.63,67,18.61,100,RU,Sat May  1 09:34:53 2021
458,faya,18.3851,42.4509,68.0,30,4.61,40,SA,Sat May  1 09:34:53 2021
459,pizhanka,57.4604,48.542,44.38,81,11.3,96,RU,Sat May  1 09:34:54 2021
460,petropavlovsk-kamchatskiy,53.0452,158.6483,32.0,100,2.17,90,RU,Sat May  1 09:34:54 2021
461,kedougou,12.5579,-12.1743,105.8,21,6.91,0,SN,Sat May  1 09:34:55 2021
462,nhulunbuy,-12.2333,136.7667,78.8,83,5.75,90,AU,Sat May  1 09:34:56 2021
463,ambon,-3.6954,128.1814,81.28,78,5.37,41,ID,Sat May  1 09:34:56 2021
464,boshkengash,38.4661,68.8053,75.2,46,1.5,40,TJ,Sat May  1 09:34:57 2021
465,omsukchan,62.5333,155.8,22.14,97,1.01,100,RU,Sat May  1 09:34:57 2021
466,nola,40.922,14.5329,66.99,78,5.21,100,IT,Sat May  1 09:34:58 2021
467,saint anthony,45.0205,-93.218,77.0,35,10.36,1,US,Sat May  1 09:34:58 2021
468,mlonggo,-6.5333,110.7,79.2,83,7.14,89,ID,Sat May  1 09:35:00 2021
469,chicama,-7.8447,-79.1469,66.2,82,10.36,38,PE,Sat May  1 09:35:00 2021
470,beya,53.0533,90.9139,40.84,86,11.45,100,RU,Sat May  1 09:35:01 2021
471,auki,-8.7676,160.7034,76.39,87,2.91,99,SB,Sat May  1 09:35:01 2021
472,ilulissat,69.2167,-51.1,39.2,48,5.75,20,GL,Sat May  1 09:35:02 2021
473,jacmel,18.2342,-72.5347,83.79,62,7.74,21,HT,Sat May  1 09:35:03 2021
474,college,64.8569,-147.8028,32.0,51,2.8,75,US,Sat May  1 09:35:03 2021
475,nkhata bay,-11.6066,34.2907,75.52,76,2.35,54,MW,Sat May  1 09:35:04 2021
476,bloomfield,40.8068,-74.1854,57.99,40,17.27,1,US,Sat May  1 09:35:04 2021
477,ambulu,-8.345,113.6058,75.7,90,3.29,74,ID,Sat May  1 09:35:05 2021
478,bahia honda,22.9036,-83.1592,87.1,55,8.66,32,CU,Sat May  1 09:35:05 2021
479,broome,42.2506,-75.833,46.99,64,4.0,51,US,Sat May  1 09:35:06 2021
480,gladstone,-23.85,151.25,68.0,77,6.91,58,AU,Sat May  1 09:35:07 2021
481,celestun,20.8667,-90.4,88.68,49,3.09,44,MX,Sat May  1 09:35:07 2021
482,cherskiy,68.75,161.3,-2.87,99,2.77,33,RU,Sat May  1 09:35:08 2021
483,lorengau,-2.0226,147.2712,79.83,81,2.8,72,PG,Sat May  1 09:30:15 2021
484,epe,6.5841,3.9834,86.13,68,10.18,25,NG,Sat May  1 09:35:09 2021
485,pemangkat,1.1667,108.9667,78.35,87,6.69,89,ID,Sat May  1 09:35:09 2021
486,linxia,35.6003,103.2064,62.06,39,2.1,100,CN,Sat May  1 09:35:10 2021
487,zaysan,47.4667,84.8667,44.35,66,11.54,96,KZ,Sat May  1 09:35:10 2021
488,ixtapa,20.7,-105.2,77.0,78,5.75,40,MX,Sat May  1 09:35:11 2021
489,dawei,14.0833,98.2,77.94,85,2.86,29,MM,Sat May  1 09:35:11 2021
490,henties bay,-22.116,14.2845,63.0,85,3.0,0,NA,Sat May  1 09:35:12 2021
491,yerbogachen,61.2767,108.0108,30.24,96,2.71,100,RU,Sat May  1 09:35:13 2021
492,newport,51.5877,-2.9984,53.01,74,3.56,42,GB,Sat May  1 09:30:10 2021
493,agucadoura,41.4318,-8.7804,57.99,54,14.97,20,PT,Sat May  1 09:35:13 2021
494,ucluelet,48.9329,-125.5528,53.01,76,10.36,20,CA,Sat May  1 09:30:39 2021
495,sola,-13.8833,167.55,78.93,76,12.37,97,VU,Sat May  1 09:30:53 2021
496,muyezerskiy,63.9333,31.65,31.62,62,15.41,69,RU,Sat May  1 09:35:15 2021
497,laguna,38.421,-121.4238,64.0,67,6.91,1,US,Sat May  1 09:35:15 2021
498,ventspils,57.3894,21.5606,44.6,76,9.22,0,LV,Sat May  1 09:34:30 2021
499,akdepe,42.0551,59.3788,68.0,26,9.22,0,TM,Sat May  1 09:35:16 2021
500,sturgeon bay,44.8342,-87.377,53.6,66,23.02,75,US,Sat May  1 09:35:17 2021
501,comodoro rivadavia,-45.8667,-67.5,66.2,39,14.97,75,AR,Sat May  1 09:35:17 2021
502,sun valley,39.5963,-119.776,68.0,17,6.6,20,US,Sat May  1 09:35:18 2021
503,srandakan,-7.9386,110.2506,77.65,86,5.32,54,ID,Sat May  1 09:35:19 2021
504,verkhniy avzyan,53.5289,57.5372,46.42,67,4.38,99,RU,Sat May  1 09:35:19 2021
505,tromso,69.6496,18.957,32.0,69,1.14,75,NO,Sat May  1 09:31:19 2021
506,kununurra,-15.7667,128.7333,66.2,88,2.3,0,AU,Sat May  1 09:35:20 2021
507,sri aman,1.2376,111.4621,75.2,100,0.94,80,MY,Sat May  1 09:35:21 2021
508,balikpapan,-1.2675,116.8289,76.21,88,2.06,92,ID,Sat May  1 09:35:22 2021
509,bambanglipuro,-7.95,110.2833,77.49,86,5.35,51,ID,Sat May  1 09:35:22 2021
510,sinegorye,62.0788,150.477,27.14,96,0.29,100,RU,Sat May  1 09:35:23 2021
511,bud,39.447,-86.1758,62.01,36,11.5,40,US,Sat May  1 09:35:23 2021
512,panaba,21.2833,-88.2667,94.33,33,12.57,70,MX,Sat May  1 09:35:24 2021
513,avera,33.194,-82.5271,75.2,33,5.75,1,US,Sat May  1 09:35:24 2021
514,besikduzu,41.052,39.2284,57.2,94,5.37,40,TR,Sat May  1 09:35:25 2021
515,bontang,0.1333,117.5,80.15,80,4.25,85,ID,Sat May  1 09:35:25 2021
516,rawlins,41.7911,-107.2387,69.01,24,5.75,75,US,Sat May  1 09:35:26 2021
517,saint-augustin,51.226,-58.6502,37.08,96,16.02,100,CA,Sat May  1 09:35:27 2021
518,shingu,33.7333,135.9833,52.77,74,8.68,1,JP,Sat May  1 09:35:27 2021
519,bilibino,68.0546,166.4372,-5.84,89,4.65,43,RU,Sat May  1 09:30:56 2021
520,san vicente,-26.6167,-54.1333,79.29,29,4.41,23,AR,Sat May  1 09:35:28 2021
521,macia,-25.0269,33.0989,69.58,61,10.89,85,MZ,Sat May  1 09:35:29 2021
522,ostrovnoy,68.0531,39.5131,25.92,71,12.53,100,RU,Sat May  1 09:35:29 2021
523,gonen,40.1049,27.654,82.4,60,9.22,0,TR,Sat May  1 09:35:30 2021
524,sao jose da coroa grande,-8.8978,-35.1478,82.49,69,11.97,100,BR,Sat May  1 09:35:30 2021
525,ambilobe,-13.2,49.05,74.93,93,3.49,47,MG,Sat May  1 09:35:31 2021
526,lavrentiya,65.5833,-171.0,10.15,84,4.94,58,RU,Sat May  1 09:35:32 2021
527,praia da vitoria,38.7333,-27.0667,60.8,88,18.23,75,PT,Sat May  1 09:35:33 2021
528,korla,41.7597,86.1469,71.06,19,16.62,34,CN,Sat May  1 09:35:33 2021
529,jacksonville,30.3322,-81.6556,80.01,47,8.05,75,US,Sat May  1 09:31:03 2021
530,petersburg,37.2279,-77.4019,64.0,20,11.5,1,US,Sat May  1 09:35:34 2021
531,tabou,4.423,-7.3528,83.93,73,11.86,100,CI,Sat May  1 09:35:35 2021
532,iralaya,15.0,-83.2333,87.8,74,9.22,40,HN,Sat May  1 09:35:35 2021
533,somerset,40.5668,-74.5496,59.0,38,17.27,1,US,Sat May  1 09:35:36 2021
534,escuinapa,22.85,-105.8,77.0,61,4.61,1,MX,Sat May  1 09:35:36 2021
535,prince rupert,54.3161,-130.3201,44.6,93,4.61,90,CA,Sat May  1 09:35:37 2021
536,albufeira,37.0882,-8.2503,66.2,48,17.27,0,PT,Sat May  1 09:35:38 2021
537,owando,-0.4819,15.8999,74.86,90,2.48,100,CG,Sat May  1 09:35:38 2021
538,almenara,-16.1836,-40.6944,77.4,60,5.35,97,BR,Sat May  1 09:35:39 2021
539,nortelandia,-14.4547,-56.8028,88.84,51,5.26,18,BR,Sat May  1 09:35:39 2021
540,valdivia,-39.8142,-73.2459,55.4,100,4.61,90,CL,Sat May  1 09:35:40 2021
541,necochea,-38.5473,-58.7368,73.99,49,5.01,73,AR,Sat May  1 09:35:40 2021
542,vardo,70.3705,31.1107,32.85,74,9.13,88,NO,Sat May  1 09:35:41 2021
543,ancud,-41.8697,-73.8203,57.0,82,8.05,75,CL,Sat May  1 09:31:18 2021
544,yurgamysh,55.3714,64.4656,54.18,40,14.79,62,RU,Sat May  1 09:35:42 2021
545,vanimo,-2.6741,141.3028,77.47,88,3.47,100,PG,Sat May  1 09:35:43 2021
546,kholmogory,64.2229,41.656,32.0,69,11.18,40,RU,Sat May  1 09:35:43 2021
547,sibolga,1.7427,98.7792,79.02,85,2.42,99,ID,Sat May  1 09:35:44 2021
548,acajutla,13.5928,-89.8275,80.01,78,5.75,20,SV,Sat May  1 09:35:44 2021
549,youghal,51.95,-7.8506,50.0,59,5.01,57,IE,Sat May  1 09:35:45 2021
550,arman,59.7,150.1667,29.82,93,3.22,97,RU,Sat May  1 09:32:12 2021
551,baft,29.234,56.6057,53.33,64,3.85,80,IR,Sat May  1 09:35:46 2021
552,irbeyskoye,55.6428,95.4522,39.81,81,4.52,98,RU,Sat May  1 09:35:46 2021
553,arvin,35.2091,-118.8284,70.0,40,5.99,100,US,Sat May  1 09:35:47 2021
554,honiara,-9.4333,159.95,76.42,87,3.44,87,SB,Sat May  1 09:35:47 2021
555,antalaha,-14.9003,50.2788,76.08,91,6.02,5,MG,Sat May  1 09:35:48 2021
556,eureka,40.8021,-124.1637,54.0,98,8.99,100,US,Sat May  1 09:35:49 2021
557,kangaatsiaq,68.3065,-53.4641,33.78,74,13.85,45,GL,Sat May  1 09:35:49 2021
558,athlone,53.4333,-7.95,52.0,59,1.01,92,IE,Sat May  1 09:35:50 2021
559,hasaki,35.7333,140.8333,59.0,94,6.91,20,JP,Sat May  1 09:35:50 2021
560,mahenge,-8.6833,36.7167,65.19,89,1.63,79,TZ,Sat May  1 09:35:51 2021
561,palu,-0.8917,119.8707,74.79,95,2.51,96,ID,Sat May  1 09:35:51 2021
562,antsohihy,-14.8796,47.9875,77.31,89,1.77,54,MG,Sat May  1 09:35:52 2021
563,ouadda,8.0777,22.4007,81.93,37,3.13,100,CF,Sat May  1 09:35:53 2021
564,basco,20.4487,121.9702,79.5,79,8.7,8,PH,Sat May  1 09:35:53 2021
565,yenotayevka,47.2456,47.0281,66.52,59,7.76,100,RU,Sat May  1 09:35:54 2021
566,mogadishu,2.0371,45.3438,83.46,69,11.27,14,SO,Sat May  1 09:35:55 2021
567,baruun-urt,46.6806,113.2792,42.85,37,10.83,100,MN,Sat May  1 09:35:55 2021
568,kulhudhuffushi,6.6221,73.07,84.15,72,5.5,58,MV,Sat May  1 09:35:56 2021
569,leshukonskoye,64.8989,45.7622,31.28,69,10.27,70,RU,Sat May  1 09:35:57 2021
